Date,CL=F,COP,CVX,LMT,NOC,RTX,XOM
2026-01-02,57.31999969482422,95.24544525146484,152.9884490966797,491.2481384277344,581.2321166992188,185.85595703125,121.01651000976562
2026-01-05,58.31999969482422,97.70783996582031,160.7899932861328,505.57830810546875,606.6981811523438,186.85841369628906,123.69041442871094
2026-01-06,57.130001068115234,95.64927673339844,153.6165008544922,515.9256591796875,605.9934692382812,188.98248291015625,119.43782806396484
2026-01-07,55.9900016784668,92.52696990966797,152.30152893066406,491.05047607421875,572.6475830078125,184.3472442626953,116.91191101074219
2026-01-08,57.7599983215332,97.23506927490234,156.27587890625,512.3678588867188,586.3233642578125,185.7765350341797,121.2730484008789
2026-01-09,59.119998931884766,96.04326629638672,159.08248901367188,536.5610961914062,614.1414794921875,187.0966339111328,122.95040893554688
2026-01-12,59.5,94.0634994506836,159.30816650390625,544.78369140625,624.56201171875,192.4068145751953,122.37812805175781
2026-01-13,61.150001525878906,95.0090560913086,160.80960083007812,551.760986328125,620.7709350585938,192.63510131835938,124.85469818115234
2026-01-14,62.02000045776367,98.8306884765625,164.11668395996094,565.9923706054688,648.2019653320312,197.35964965820312,128.4659423828125
2026-01-15,59.189998626708984,97.44190979003906,163.0568389892578,571.12158203125,649.660888671875,198.34228515625,127.41021728515625
2026-01-16,59.439998626708984,96.7130355834961,163.15496826171875,575.6083374023438,661.8579711914062,200.41673278808594,128.1600799560547
2026-01-20,60.34000015258789,94.08319854736328,162.21290588378906,569.31298828125,652.3305053710938,194.8981170654297,128.72250366210938
2026-01-21,60.619998931884766,95.68868255615234,163.61618041992188,579.3638305664062,659.1386108398438,196.02963256835938,131.83055114746094
2026-01-22,59.36000061035156,95.42273712158203,163.54751586914062,586.9539184570312,665.3712158203125,194.87826538085938,131.8601531982422
2026-01-23,61.06999969482422,96.8706283569336,163.60638427734375,583.9000854492188,667.8621826171875,194.4713134765625,133.1724395751953
2026-01-26,60.630001068115234,96.96912384033203,164.37181091308594,574.8473510742188,655.9727172851562,192.68472290039062,133.04415893554688
2026-01-27,62.38999938964844,98.36776733398438,165.8928680419922,587.9817504882812,673.6083984375,199.781494140625,135.0076446533203
2026-01-28,63.209999084472656,99.86489868164062,166.7564239501953,590.2745971679688,683.9198608398438,197.9750518798828,135.74766540527344
2026-01-29,65.41999816894531,101.25369262695312,167.99290466308594,615.2189331054688,690.0928344726562,198.39190673828125,138.63864135742188
2026-01-30,65.20999908447266,102.66218566894531,173.5962677001953,626.791748046875,687.0261840820312,199.43409729003906,139.51678466796875
2026-02-02,62.13999938964844,100.25888061523438,170.7798614501953,628.5509033203125,679.8409423828125,199.59291076660156,136.55673217773438
2026-02-03,63.209999084472656,103.33196258544922,174.7149658203125,620.9015502929688,699.6500244140625,201.98497009277344,141.8157501220703
2026-02-04,65.13999938964844,105.97163391113281,177.8453826904297,595.7003173828125,684.53515625,195.27529907226562,145.6243438720703
2026-02-05,63.290000915527344,103.4009017944336,175.8827362060547,602.0450439453125,691.234130859375,194.5110321044922,144.1344757080078
2026-02-06,63.54999923706055,106.00119018554688,177.4822998046875,616.2764282226562,703.748779296875,197.18099975585938,147.06491088867188
2026-02-09,64.36000061035156,107.06494140625,179.1898193359375,630.8140869140625,692.74267578125,194.72938537597656,149.19613647460938
2026-02-10,63.959999084472656,105.88299560546875,178.8561553955078,622.1864013671875,679.8211059570312,193.73683166503906,149.57107543945312
2026-02-11,64.62999725341797,109.53718566894531,182.34967041015625,621.33642578125,673.69775390625,195.04701232910156,153.4882049560547
2026-02-12,62.84000015258789,109.16291046142578,178.99354553222656,629.9641723632812,689.8050537109375,199.6425323486328,148.91920471191406
2026-02-13,62.88999938964844,109.7538833618164,180.30853271484375,644.936767578125,697.2582397460938,198.57057189941406,147.44918823242188
2026-02-17,62.33000183105469,107.14374542236328,178.91131591796875,641.9718627929688,695.8192138671875,201.98497009277344,145.20443725585938
2026-02-18,65.19000244140625,109.70470428466797,182.20118713378906,642.19921875,719.3499755859375,203.28521728515625,149.66415405273438
2026-02-19,66.43000030517578,110.76681518554688,183.10292053222656,658.7035522460938,731.2989501953125,203.88075256347656,149.95220947265625
2026-02-20,66.38999938964844,109.71463775634766,182.26063537597656,650.5501708984375,718.0895385742188,204.0699462890625,146.28707885742188
2026-02-23,66.30999755859375,109.06942749023438,183.23175048828125,652.882568359375,722.21142578125,201.0823974609375,149.74362182617188
2026-02-24,65.62999725341797,109.7741928100586,183.6578369140625,656.64794921875,724.5411376953125,197.6367645263672,148.25372314453125
2026-02-25,65.41999816894531,109.19847869873047,182.54800415039062,639.916259765625,700.5667114257812,195.1670379638672,148.05508422851562
2026-02-26,65.20999908447266,109.88337707519531,182.48855590820312,634.1150512695312,707.784912109375,196.81019592285156,147.53857421875
2026-02-27,67.0199966430664,112.6230239868164,185.06495666503906,650.3723754882812,721.2058715820312,201.7794952392578,151.47189331054688
2026-03-02,71.2300033569336,117.36775970458984,187.87918090820312,672.2987670898438,764.6546630859375,211.27992248535156,153.1802978515625
2026-03-03,74.55999755859375,117.64569091796875,187.0567169189453,663.4765625,755.7836303710938,205.66331481933594,150.80641174316406
2026-03-04,74.66000366210938,114.79686737060547,184.34158325195312,660.1582641601562,750.5368041992188,207.9537811279297,148.80996704101562
2026-03-05,81.01000213623047,115.95823669433594,188.17645263671875,650.7399291992188,736.767333984375,203.0143585205078,149.74362182617188
2026-03-06,90.9000015258789,116.20639038085938,188.21609497070312,667.40087890625,752.8167114257812,208.88987731933594,150.1905975341797
2026-03-09,94.7699966430664,116.16668701171875,187.7206268310547,659.8304443359375,744.0652465820312,207.36622619628906,149.42578125
2026-03-10,83.44999694824219,113.30793762207031,184.59921264648438,646.9844970703125,731.7593994140625,206.14132690429688,147.13136291503906
2026-03-11,87.25,116.16668701171875,190.04930114746094,645.245849609375,729.96728515625,206.40023803710938,150.55809020996094
2026-03-12,95.7300033569336,119.37286376953125,195.1822967529297,648.5840454101562,733.0736083984375,202.19773864746094,152.4949493408203
2026-03-13,98.70999908447266,120.99083709716797,195.03366088867188,641.7984619140625,730.4949951171875,203.67161560058594,155.06747436523438
2026-03-16,93.5,120.42504119873047,195.053466796875,641.003662109375,732.735107421875,205.20521545410156,156.1699981689453
2026-03-17,96.20999908447266,121.96360778808594,196.1732177734375,632.1913452148438,720.857421875,202.48655700683594,157.73934936523438
2026-03-18,96.31999969482422,122.73785400390625,196.80740356445312,638.1026611328125,721.6638793945312,203.71144104003906,156.52757263183594
2026-03-19,96.13999938964844,125.09036254882812,199.61172485351562,633.3637084960938,711.0206909179688,199.89732360839844,157.09373474121094
2026-03-20,98.31999969482422,125.98372650146484,199.89907836914062,623.3492431640625,703.8522338867188,197.33799743652344,158.5935516357422
2026-03-23,88.12999725341797,126.25173950195312,203.34750366210938,612.241943359375,677.0203247070312,194.01185607910156,160.04371643066406
2026-03-24,92.3499984741211,128.39581298828125,204.9131622314453,606.2014770507812,679.1708374023438,193.19525146484375,164.2650604248047
2026-03-25,90.31999969482422,127.97889709472656,203.2880401611328,620.1402587890625,688.1812133789062,194.19110107421875,162.1593475341797
2026-03-26,94.4800033569336,132.26702880859375,205.90408325195312,623.2498779296875,688.957763671875,192.05003356933594,164.31471252441406
2026-03-27,99.63999938964844,132.81297302246094,209.23358154296875,611.8346557617188,676.0247192382812,188.9230499267578,169.8372344970703
2026-03-30,102.87999725341797,131.90968322753906,208.79759216308594,594.6769409179688,668.647216796875,186.3736572265625,170.31399536132812
2026-03-31,101.37999725341797,131.02626037597656,205.02215576171875,600.4591064453125,679.25048828125,192.0998077392578,168.51620483398438
2026-04-01,100.12000274658203,127.43296813964844,195.61830139160156,613.6229248046875,693.94580078125,193.91226196289062,159.69607543945312
2026-04-02,111.54000091552734,129.5571746826172,197.1641387939453,618.7393798828125,699.4216918945312,195.39608764648438,159.60667419433594
2026-04-06,112.41000366210938,130.66891479492188,197.0551300048828,633.7511596679688,692.7410888671875,197.5869598388672,162.2686004638672
2026-04-07,112.94999694824219,130.79795837402344,199.71080017089844,623.6174926757812,687.4743041992188,197.09898376464844,162.8049774169922
2026-04-08,94.41000366210938,124.29627227783203,191.13931274414062,624.4122924804688,684.45751953125,202.63592529296875,155.16680908203125
2026-04-09,97.87000274658203,122.5591812133789,188.6322784423828,619.8123779296875,687.5440063476562,202.34713745117188,153.99476623535156
2026-04-10,96.56999969482422,121.6459732055664,186.83871459960938,609.7283935546875,670.7777709960938,200.72389221191406,151.4818115234375
2026-04-13,99.08000183105469,122.70807647705078,190.03939819335938,615.6595458984375,678.3245849609375,200.57452392578125,151.61094665527344
2026-04-14,91.27999877929688,117.91370391845703,185.32260131835938,607.6023559570312,677.1497192382812,201.9687042236328,148.23387145996094
2026-04-15,91.29000091552734,118.04273986816406,183.23175048828125,607.1254272460938,675.6165161132812,197.56704711914062,148.0054168701172
2026-04-16,94.69000244140625,120.6731948852539,186.4423370361328,603.5389404296875,669.822021484375,195.03758239746094,150.9553985595703
2026-04-17,83.8499984741211,115.18399047851562,182.32009887695312,588.3384399414062,662.3449096679688,195.60520935058594,145.45274353027344
2026-04-20,89.61000061035156,115.5909652709961,181.58680725097656,577.4993896484375,654.1011352539062,194.97781372070312,146.6843719482422
2026-04-21,92.12999725341797,119.37286376953125,184.2920379638672,568.2301025390625,608.4520874023438,186.39358520507812,147.35980224609375
2026-04-22,92.95999908447266,121.69559478759766,184.6289520263672,551.8175048828125,587.0363159179688,180.15956115722656,148.4921112060547
2026-04-23,95.8499984741211,123.45254516601562,185.8973388671875,526.34423828125,585.0848999023438,178.5562286376953,149.51516723632812
2026-04-24,94.4000015258789,120.8617935180664,183.52902221679688,510.1105651855469,572.5899047851562,173.53712463378906,147.90609741210938
2026-04-27,96.37000274658203,120.78238677978516,183.10292053222656,510.01116943359375,572.7592163085938,172.66079711914062,147.19094848632812
2026-04-28,99.93000030517578,123.40290832519531,186.6504364013672,508.95806884765625,575.2880859375,174.95123291015625,149.5449676513672
2026-04-29,106.87999725341797,127.30391693115234,190.47540283203125,506.4942321777344,569.9017333984375,172.07322692871094,153.62725830078125
2026-04-30,105.06999969482422,124.85214233398438,191.55551147460938,514.6011352539062,576.9407348632812,175.33963012695312,153.28955078125
2026-05-01,101.94000244140625,122.28125,188.89984130859375,509.43499755859375,565.6505126953125,173.2682647705078,151.72019958496094
2026-05-04,106.41999816894531,123.98856353759766,190.53485107421875,514.780029296875,564.5154418945312,172.18276977539062,152.65386962890625
2026-05-05,102.2699966430664,122.41028594970703,190.89158630371094,505.61993408203125,556.1522216796875,172.15289306640625,153.83584594726562
2026-05-06,95.08000183105469,118.02289581298828,183.47947692871094,510.915283203125,557.1478881835938,176.00685119628906,147.6875762939453
2026-05-07,94.80999755859375,114.03254699707031,180.84361267089844,509.0773010253906,549.8500366210938,176.0466766357422,145.591796875
2026-05-08,95.41999816894531,113.02999877929688,179.9716033935547,503.2156982421875,547.112060546875,175.3595428466797,143.59535217285156
2026-05-11,98.06999969482422,115.55000305175781,183.06329345703125,508.9183654785156,545.8078002929688,177.8690948486328,148.6708984375
2026-05-12,102.18000030517578,117.87000274658203,184.26229858398438,517.6114501953125,555.8535766601562,178.14793395996094,149.614501953125
2026-05-13,101.0199966430664,117.4000015258789,184.31185913085938,516.558349609375,549.382080078125,177.3711700439453,150.5481719970703
2026-05-14,101.16999816894531,118.97000122070312,184.946044921875,517.0252685546875,546.2459106445312,174.95123291015625,151.75
2026-05-15,105.41999816894531,122.41000366210938,189.36557006835938,512.6539306640625,538.3207397460938,170.46990966796875,157.9199981689453
2026-05-18,108.66000366210938,124.54000091552734,194.33999633789062,524.8739013671875,547.5899658203125,175.22012329101562,160.49000549316406
2026-05-19,107.7699966430664,125.11000061035156,197.25,523.204833984375,553.9022216796875,173.7661895751953,162.5500030517578
2026-05-20,98.26000213623047,122.36000061035156,191.3300018310547,519.191162109375,549.7504272460938,174.12469482421875,156.27999877929688
2026-05-21,96.3499984741211,120.55000305175781,191.00999450683594,519.3897705078125,549.1630249023438,175.25,155.2899932861328
2026-05-22,96.5999984741211,120.45999908447266,191.42999267578125,529.7718505859375,553.1455078125,177.00999450683594,154.9199981689453
2026-05-26,93.88999938964844,116.56999969482422,184.7100067138672,529.43408203125,554.3601684570312,178.97000122070312,149.80999755859375
2026-05-27,88.68000030517578,115.12999725341797,182.39999389648438,527.6854858398438,548.9241333007812,176.58999633789062,147.89999389648438
2026-05-28,88.9000015258789,114.98999786376953,183.02999877929688,533.716064453125,556.8392333984375,178.9600067138672,146.9600067138672
2026-05-29,87.36000061035156,113.9800033569336,182.4600067138672,527.0,561.2100219726562,179.66000366210938,145.25999450683594
2026-06-01,92.16000366210938,115.58000183105469,185.8300018310547,516.5,539.219970703125,174.41000366210938,149.3800048828125
2026-06-02,94.6500015258789,116.87000274658203,187.5500030517578,513.4299926757812,536.5900268554688,174.25999450683594,149.55999755859375
