Date,XOM,CVX,COP,LMT,RTX,NOC,WTI_Crude
1990-06-01,3.605367660522461,4.517246246337891,3.1081297397613525,4.154048919677734,2.1094977855682373,3.3332746028900146,17.51
1990-06-04,3.6431188583374023,4.574118137359619,3.137450933456421,4.271064281463623,2.136202096939087,3.3332746028900146,17.09
1990-06-05,3.6431188583374023,4.574118137359619,3.137450933456421,4.212558746337891,2.1272997856140137,3.3332746028900146,16.41
1990-06-06,3.6148054599761963,4.517246246337891,3.0788073539733887,4.197930335998535,2.136202096939087,3.3802223205566406,16.91
1990-06-07,3.5959291458129883,4.53349494934082,3.137450933456421,4.197930335998535,2.1094977855682373,3.3567471504211426,16.65
1990-06-08,3.5487375259399414,4.517246246337891,3.06414532661438,4.124794960021973,2.0649945735931396,3.3098011016845703,16.78
1990-06-11,3.6148054599761963,4.5903639793396,3.1227915287017822,4.168676376342773,2.078346014022827,3.3567471504211426,16.82
1990-06-12,3.6903114318847656,4.622866153717041,3.1081297397613525,4.154048919677734,2.1228487491607666,3.403695821762085,17.39
1990-06-13,3.6336798667907715,4.606612205505371,3.1081297397613525,4.139422416687012,2.1272997856140137,3.45064377784729,17.6
1990-06-14,3.6336798667907715,4.582242488861084,3.093467950820923,4.124794960021973,2.136202096939087,3.638432741165161,17.11
1990-06-15,3.6148054599761963,4.67973518371582,3.0348262786865234,4.154048919677734,2.1451025009155273,3.544537305831909,16.64
1990-06-18,3.586491584777832,4.61474084854126,3.0055034160614014,4.124794960021973,2.0961477756500244,3.544537305831909,15.92
1990-06-19,3.5770506858825684,4.655364513397217,2.9908406734466553,4.124794960021973,2.1094977855682373,3.6853787899017334,15.55
1990-06-20,3.6148054599761963,4.606612205505371,3.0348262786865234,4.154048919677734,2.1272997856140137,3.7088539600372314,15.43
1990-06-21,3.671433448791504,4.574118137359619,2.9761810302734375,4.124794960021973,2.1406517028808594,3.7088539600372314,16.09
1990-06-22,3.6148054599761963,4.53349494934082,2.9321978092193604,4.080914497375488,2.0649945735931396,3.544537305831909,16.5
1990-06-25,3.5676157474517822,4.476620674133301,2.9175360202789307,4.022408485412598,2.056094169616699,3.3802223205566406,16.15
1990-06-26,3.5487375259399414,4.403502941131592,2.9908406734466553,3.9785268306732178,2.0649945735931396,3.427168846130371,17.12
1990-06-27,3.624244451522827,4.53349494934082,3.0788073539733887,3.9785268306732178,2.06054425239563,3.474116802215576,16.7
1990-06-28,3.6431188583374023,4.541618347167969,3.06414532661438,3.9346468448638916,2.0471928119659424,3.544537305831909,17.18
1990-06-29,3.6148054599761963,4.574118137359619,3.0201621055603027,3.9200191497802734,2.0382912158966064,3.474116802215576,17.05
1990-07-02,3.605367660522461,4.582242488861084,3.0494866371154785,3.8907666206359863,2.0471928119659424,3.427168846130371,16.94
1990-07-03,3.5770506858825684,4.574118137359619,3.093467950820923,3.832256555557251,2.06054425239563,3.474116802215576,16.73
1990-07-05,3.5298609733581543,4.53349494934082,3.0494866371154785,3.759124517440796,2.024939775466919,3.3332746028900146,16.5
1990-07-06,3.605367660522461,4.53349494934082,3.06414532661438,3.8030028343200684,2.0471928119659424,3.3567471504211426,16.49
1990-07-09,3.5770506858825684,4.525371074676514,3.0201621055603027,3.7298688888549805,2.0694453716278076,3.3567471504211426,16.63
1990-07-10,3.5298609733581543,4.509121417999268,3.0494866371154785,3.6567327976226807,2.0382912158966064,3.3567471504211426,17.05
1990-07-11,3.6148054599761963,4.61474084854126,3.1814332008361816,3.6713624000549316,2.0382912158966064,3.403695821762085,17.45
1990-07-12,3.7186245918273926,4.801606178283691,3.2694003582000732,3.7006142139434814,2.073895215988159,3.403695821762085,18.69
1990-07-13,3.6808700561523438,4.809730529785156,3.298720598220825,3.6421074867248535,2.0961477756500244,3.3802223205566406,18.37
1990-07-16,3.6808700561523438,4.8665971755981445,3.342705488204956,3.7006142139434814,2.1495516300201416,3.427168846130371,18.67
1990-07-17,3.671433448791504,4.931595802307129,3.3133838176727295,3.759124517440796,2.207406997680664,3.3802223205566406,18.23
1990-07-18,3.6619932651519775,4.890972137451172,3.2254178524017334,3.685988664627075,2.1540021896362305,3.4975900650024414,18.57
1990-07-19,3.775251865386963,4.988467216491699,3.3720266819000244,3.7152421474456787,2.1451025009155273,3.3802223205566406,19.07
1990-07-20,3.671433448791504,5.037217140197754,3.328043222427368,3.7006142139434814,2.1540021896362305,3.3567471504211426,19.61
1990-07-23,3.6148054599761963,4.996592998504639,3.298720598220825,3.5543456077575684,2.131751775741577,3.192429780960083,19.88
1990-07-24,3.775251865386963,5.118460178375244,3.3720266819000244,3.4080774784088135,2.118399143218994,3.192429780960083,19.84
1990-07-25,3.7469382286071777,5.053466320037842,3.342705488204956,3.0862843990325928,2.1050503253936768,3.0750627517700195,19.33
1990-07-26,3.6903114318847656,5.00471830368042,3.284060478210449,3.188673257827759,2.1050503253936768,2.9107460975646973,20.33
1990-07-27,3.7186245918273926,5.020967483520508,3.2694003582000732,3.1594185829162598,2.118399143218994,2.652534008026123,20.07
1990-07-30,3.831881523132324,5.134712219238281,3.3433682918548584,3.2618069648742676,2.1228487491607666,2.652534008026123,20.24
1990-07-31,3.9168264865875244,5.2101945877075195,3.4173357486724854,3.217926263809204,2.1094977855682373,2.69948148727417,20.57
1990-08-01,3.935702085494995,5.16917085647583,3.4025447368621826,3.2032978534698486,2.082796335220337,2.6760077476501465,21.59
1990-08-02,4.020645618438721,5.275835990905762,3.5060994625091553,3.2764334678649902,2.024939775466919,2.7464287281036377,23.71
1990-08-03,4.011205196380615,5.16917085647583,3.4469239711761475,3.320314645767212,1.9982373714447021,2.8403241634368896,23.79
1990-08-06,4.096147060394287,5.2101945877075195,3.668828248977661,3.320314645767212,1.9448338747024536,2.8872721195220947,28.73
1990-08-07,4.075153827667236,5.160966396331787,3.6096556186676025,3.364194393157959,1.8469243049621582,2.8872721195220947,29.6
1990-08-08,3.9510855674743652,5.046096324920654,3.4469239711761475,3.539715528488159,1.8914285898208618,2.863797426223755,26.19
1990-08-09,3.9606282711029053,5.046096324920654,3.387751340866089,3.5543456077575684,1.869175672531128,2.816850423812866,25.69
1990-08-10,3.9415414333343506,5.119943141937256,3.4913041591644287,3.437330722808838,1.815771222114563,2.7699038982391357,26.38
1990-08-13,3.998802661895752,5.128147602081299,3.4173357486724854,3.451958179473877,1.8380228281021118,2.7699038982391357,27.07
1990-08-14,3.989259719848633,5.111736297607422,3.4173357486724854,3.4311602115631104,1.8246711492538452,2.816850423812866,26.7
1990-08-15,3.970172643661499,5.0953264236450195,3.3729562759399414,3.4163079261779785,1.7935192584991455,2.816850423812866,26.54
1990-08-16,3.9510855674743652,5.087121963500977,3.4469239711761475,3.4163079261779785,1.7668159008026123,2.793376922607422,27.4
1990-08-17,3.979717254638672,5.160966396331787,3.476511240005493,3.356894016265869,1.771267056465149,2.8403241634368896,28.65
1990-08-20,4.027433395385742,5.251222610473633,3.5060994625091553,3.371748208999634,1.7829431295394897,2.9576926231384277,28.63
1990-08-21,3.9606282711029053,5.136351585388184,3.3729562759399414,3.32718825340271,1.773960828781128,3.0629827976226807,28.46
1990-08-22,3.922454357147217,5.160966396331787,3.4025447368621826,3.342041254043579,1.764979600906372,3.1586997509002686,30.52
1990-08-23,3.78884220123291,4.964045524597168,3.254605531692505,3.238065481185913,1.6841408014297485,3.134772539138794,31.67
1990-08-24,3.731581449508667,4.8737897872924805,3.254605531692505,3.1340935230255127,1.7515066862106323,3.1586997509002686,31.1
1990-08-27,3.78884220123291,4.890198707580566,3.239813804626465,3.178652048110962,1.773960828781128,3.110842704772949,27.36
1990-08-28,3.827017307281494,4.964045524597168,3.2989883422851562,3.1935060024261475,1.7964167594909668,3.086914539337158,27.73
1990-08-29,3.8079288005828857,5.037891387939453,3.2841954231262207,3.178652048110962,1.791925311088562,3.2544193267822266,26.15
1990-08-30,3.731581449508667,4.93942928314209,3.2841954231262207,3.1340935230255127,1.7829431295394897,3.2065610885620117,26.96
1990-08-31,3.8174731731414795,4.9804558753967285,3.3581624031066895,3.044969320297241,1.7559967041015625,3.2065610885620117,27.45
1990-09-04,3.827017307281494,4.9804558753967285,3.32857608795166,3.0301153659820557,1.7380330562591553,3.2544193267822266,29.3
1990-09-05,3.884279727935791,5.0953264236450195,3.4025447368621826,3.074678659439087,1.7964167594909668,3.2783496379852295,30.0
1990-09-06,3.8461031913757324,5.103533744812012,3.43213152885437,3.044969320297241,1.7964167594909668,3.1586997509002686,31.51
1990-09-07,3.884279727935791,5.119943141937256,3.4173357486724854,3.1043860912323,1.7874349355697632,3.2065610885620117,30.09
1990-09-10,3.8461031913757324,5.037891387939453,3.3581624031066895,3.0301153659820557,1.8143794536590576,3.2065610885620117,30.83
1990-09-11,3.884279727935791,4.996865749359131,3.2841954231262207,3.000410795211792,1.791925311088562,3.3022799491882324,30.29
1990-09-12,3.922454357147217,5.062504768371582,3.3433682918548584,3.0152626037597656,1.7829431295394897,3.3022799491882324,30.85
1990-09-13,3.8747353553771973,4.988663196563721,3.3729562759399414,3.0152626037597656,1.7065953016281128,3.3022799491882324,31.2
1990-09-14,3.922454357147217,4.9804558753967285,3.4025447368621826,2.970703601837158,1.6886323690414429,3.2065610885620117,31.79
1990-09-17,3.9415414333343506,5.0953264236450195,3.4617185592651367,3.044969320297241,1.6616865396499634,3.1586997509002686,33.73
1990-09-18,3.912911891937256,5.0953264236450195,3.476511240005493,3.0598244667053223,1.679648756980896,3.134772539138794,33.48
1990-09-19,3.912911891937256,5.046096324920654,3.4617185592651367,3.0301153659820557,1.7155776023864746,3.1586997509002686,33.18
1990-09-20,3.9033701419830322,5.046096324920654,3.4173357486724854,2.9855566024780273,1.6706677675247192,3.086914539337158,34.44
1990-09-21,3.912911891937256,5.111736297607422,3.4173357486724854,3.044969320297241,1.6616865396499634,3.086914539337158,36.21
1990-09-24,3.8556466102600098,5.0953264236450195,3.4173357486724854,3.0598244667053223,1.6033012866973877,3.039055109024048,39.05
1990-09-25,3.8556466102600098,5.062504768371582,3.3137831687927246,3.0598244667053223,1.6257569789886475,3.039055109024048,38.33
1990-09-26,3.8079288005828857,4.988663196563721,3.225019693374634,3.0895309448242188,1.5763555765151978,3.0151238441467285,39.12
1990-09-27,3.798387050628662,4.881996154785156,3.077082872390747,3.0301153659820557,1.5089913606643677,3.039055109024048,39.77
1990-09-28,3.741124153137207,4.857379913330078,3.0474956035614014,3.1043860912323,1.5359359979629517,2.9672651290893555,39.53
1990-10-01,3.78884220123291,4.832769393920898,3.0622904300689697,3.0301153659820557,1.589828372001648,3.134772539138794,37.08
1990-10-02,3.7792983055114746,4.8081488609313965,3.1066699028015137,3.0895309448242188,1.5763555765151978,3.182630777359009,34.43
1990-10-03,3.78884220123291,4.816356182098389,3.165844678878784,3.119239568710327,1.5808460712432861,3.1586997509002686,37.04
1990-10-04,3.8461031913757324,4.857379913330078,3.2102253437042236,3.148944854736328,1.6122835874557495,3.23048996925354,36.76
1990-10-05,3.8079288005828857,4.857379913330078,3.1362578868865967,3.312333345413208,1.6706677675247192,3.182630777359009,37.87
1990-10-08,3.8461031913757324,4.832769393920898,3.1362578868865967,3.32718825340271,1.6841408014297485,3.23048996925354,38.88
1990-10-09,3.798387050628662,4.7425103187561035,3.165844678878784,3.312333345413208,1.6347389221191406,3.134772539138794,40.73
1990-10-10,3.7220358848571777,4.644048690795898,3.0918776988983154,3.178652048110962,1.5808460712432861,3.0629827976226807,39.3
1990-10-11,3.67431902885437,4.594818115234375,2.973527193069458,3.0152626037597656,1.531444787979126,3.039055109024048,41.07
1990-10-12,3.7029473781585693,4.545591354370117,2.9291462898254395,3.119239568710327,1.5988103151321411,3.039055109024048,39.42
1990-10-15,3.7602145671844482,4.5619988441467285,2.9883203506469727,3.0152626037597656,1.6527043581008911,2.9433352947235107,38.0
1990-10-16,3.712491989135742,4.504561901092529,2.973527193069458,2.970703601837158,1.6257569789886475,2.871547222137451,39.34
1990-10-17,3.7029473781585693,4.5619988441467285,3.017909049987793,2.9409964084625244,1.6751588582992554,2.8954758644104004,36.03
1990-10-18,3.7029473781585693,4.537384986877441,2.9439399242401123,2.970703601837158,1.7425241470336914,3.0151238441467285,37.03
1990-10-19,3.8079288005828857,4.644048690795898,3.077082872390747,3.044969320297241,1.73354172706604,3.110842704772949,33.82
1990-10-22,3.78884220123291,4.611229419708252,3.017909049987793,3.238065481185913,1.7245595455169678,3.086914539337158,28.46
1990-10-23,3.7029473781585693,4.578410625457764,3.0474956035614014,3.208359479904175,1.7110868692398071,3.039055109024048,29.95
1990-10-24,3.7029473781585693,4.553792953491211,3.0622904300689697,3.163799285888672,1.7110868692398071,2.991194486618042,30.8
1990-10-25,3.645686626434326,4.512767791748047,3.077082872390747,3.074678659439087,1.7021042108535767,2.9672651290893555,34.35
1990-10-26,3.6075124740600586,4.397898197174072,3.0622904300689697,3.0895309448242188,1.6527043581008911,2.9433352947235107,33.03
1990-10-29,3.636143445968628,4.406100273132324,3.0658786296844482,3.163799285888672,1.6347389221191406,2.8954758644104004,35.28
1990-10-30,3.731581449508667,4.48815393447876,3.035966634750366,3.223212957382202,1.6527043581008911,2.8954758644104004,34.93
1990-10-31,3.741124153137207,4.471742630004883,3.035966634750366,3.163799285888672,1.621265172958374,2.84761643409729,35.31
1990-11-01,3.798387050628662,4.545591354370117,3.0808346271514893,3.223212957382202,1.5853376388549805,2.8954758644104004,35.3
1990-11-02,3.78884220123291,4.578410625457764,3.170565366744995,3.32718825340271,1.5853376388549805,2.871547222137451,33.95
1990-11-05,3.792325735092163,4.611229419708252,3.185523271560669,3.312333345413208,1.5988103151321411,2.7997586727142334,32.05
1990-11-06,3.8116753101348877,4.571405410766602,3.110745668411255,3.475724697113037,1.6077935695648193,2.823688507080078,32.41
1990-11-07,3.7342820167541504,4.471848487854004,3.0509235858917236,3.386601686477661,1.5808460712432861,2.84761643409729,35.48
1990-11-08,3.8116753101348877,4.480143070220947,3.110745668411255,3.475724697113037,1.5763555765151978,2.84761643409729,35.61
1990-11-09,3.8987419605255127,4.604590892791748,3.170565366744995,3.5054290294647217,1.5853376388549805,2.8954758644104004,33.91
1990-11-12,3.8890676498413086,4.621187210083008,3.125699043273926,3.594550371170044,1.621265172958374,2.9672651290893555,32.08
1990-11-13,3.869720220565796,4.596296787261963,3.0957887172698975,3.8297641277313232,1.6392298936843872,2.991194486618042,33.3
1990-11-14,3.8890676498413086,4.563108921051025,3.110745668411255,3.7845299243927,1.6122835874557495,3.086914539337158,31.18
1990-11-15,3.869720220565796,4.513330459594727,3.0808346271514893,3.6789872646331787,1.610469937324524,3.0629827976226807,31.05
1990-11-16,3.8987419605255127,4.571405410766602,3.125699043273926,3.648831367492676,1.6512978076934814,3.086914539337158,29.91
1990-11-19,3.9180908203125,4.571405410766602,3.1406571865081787,3.724220037460327,1.655834674835205,3.182630777359009,31.45
1990-11-20,3.9180908203125,4.554811954498291,3.1406571865081787,3.5885183811187744,1.6195422410964966,3.1586997509002686,29.5
1990-11-21,3.9277663230895996,4.563108921051025,3.170565366744995,3.6035971641540527,1.6422247886657715,3.2065610885620117,30.08
1990-11-23,3.9567880630493164,4.546514511108398,3.125699043273926,3.5885183811187744,1.6331524848937988,3.2783496379852295,32.35
1990-11-26,3.947113275527954,4.604590892791748,3.170565366744995,3.648831367492676,1.6013964414596558,3.2783496379852295,33.28
1990-11-27,3.8987419605255127,4.596296787261963,3.170565366744995,3.694064140319824,1.628615379333496,3.263735771179199,33.05
1990-11-28,3.8987419605255127,4.612888813018799,3.1556105613708496,3.724220037460327,1.6195422410964966,3.263735771179199,33.28
1990-11-29,3.8890676498413086,4.5879998207092285,3.1406571865081787,3.694064140319824,1.6013964414596558,3.3368053436279297,32.93
1990-11-30,3.9180908203125,4.637776851654053,3.2752552032470703,3.694064140319824,1.6195422410964966,3.3124465942382812,29.08
1990-12-03,3.9277663230895996,4.629483222961426,3.185523271560669,3.648831367492676,1.692126750946045,3.361161231994629,29.4
1990-12-04,3.8987419605255127,4.679262638092041,3.170565366744995,3.739299774169922,1.7284196615219116,3.5072989463806152,29.05
1990-12-05,3.8890676498413086,4.712447643280029,3.185523271560669,3.8297641277313232,1.7284196615219116,3.6047239303588867,27.18
1990-12-06,3.84069561958313,4.629483222961426,3.110745668411255,3.814685583114624,1.7420285940170288,3.4585869312286377,26.35
1990-12-07,3.8116753101348877,4.596296787261963,3.0658786296844482,3.7543740272521973,1.7374919652938843,3.5072989463806152,26.61
1990-12-10,3.84069561958313,4.5879998207092285,3.035966634750366,3.769453287124634,1.710273027420044,3.653434991836548,27.08
1990-12-11,3.8503711223602295,4.596296787261963,3.006057024002075,3.724220037460327,1.6966625452041626,3.6047239303588867,26.5
1990-12-12,3.8987419605255127,4.612888813018799,2.9611895084381104,3.739299774169922,1.710273027420044,3.677793502807617,25.3
1990-12-13,3.9084174633026123,4.579700469970703,3.0808346271514893,3.7845299243927,1.7284196615219116,3.6290786266326904,26.45
1990-12-14,3.9277663230895996,4.604590892791748,3.021010637283325,3.814685583114624,1.7329553365707397,3.677793502807617,26.6
1990-12-17,3.947113275527954,4.612888813018799,3.035966634750366,3.9654626846313477,1.7601746320724487,3.7021491527557373,27.1
1990-12-18,3.947113275527954,4.612888813018799,3.125699043273926,3.935311794281006,1.7828577756881714,3.6047239303588867,27.85
1990-12-19,3.9084174633026123,4.712447643280029,3.125699043273926,4.071010589599609,1.7465652227401733,3.6047239303588867,28.26
1990-12-20,3.8987419605255127,4.778819561004639,3.125699043273926,4.08608865737915,1.7374919652938843,3.653434991836548,27.5
1990-12-21,3.9277663230895996,4.745635032653809,3.1556105613708496,4.101166725158691,1.7374919652938843,3.677793502807617,27.08
1990-12-24,3.966461420059204,4.729040622711182,3.1406571865081787,4.040854454040527,1.710273027420044,3.750858783721924,26.95
1990-12-26,4.005161762237549,4.861784934997559,3.2154347896575928,3.9654626846313477,1.692126750946045,3.750858783721924,27.35
1990-12-27,3.966461420059204,4.820303440093994,3.170565366744995,3.980543375015259,1.7148090600967407,3.7021491527557373,26.95
1990-12-28,3.995488405227661,4.828599452972412,3.125699043273926,4.055933475494385,1.7374919652938843,3.750858783721924,27.58
1990-12-31,4.005161762237549,4.820303440093994,3.125699043273926,4.055933475494385,1.7374919652938843,3.38551664352417,28.48
1991-01-02,3.9277663230895996,4.803706645965576,3.0658786296844482,3.875000238418579,1.7329553365707397,3.5072989463806152,26.53
1991-01-03,3.947113275527954,4.712447643280029,2.9911012649536133,3.85992169380188,1.710273027420044,3.38551664352417,25.61
1991-01-04,3.9858105182647705,4.712447643280029,2.9761455059051514,3.890076160430908,1.719346523284912,3.4098734855651855,24.88
1991-01-07,3.937439203262329,4.7373366355896,2.9761455059051514,3.9202303886413574,1.6649080514907837,3.434230089187622,27.25
1991-01-08,3.9277663230895996,4.745635032653809,3.035966634750366,3.85992169380188,1.6331524848937988,3.4585869312286377,27.5
1991-01-09,3.8600478172302246,4.712447643280029,2.9911012649536133,3.8297641277313232,1.5696406364440918,3.3368053436279297,28.0
1991-01-10,3.8987419605255127,4.729040622711182,2.9911012649536133,3.875000238418579,1.5968600511550903,3.239377975463867,27.55
1991-01-11,3.8600478172302246,4.670966625213623,2.931278705596924,3.935311794281006,1.610469937324524,3.3124465942382812,27.43
1991-01-14,3.869720220565796,4.7373366355896,3.021010637283325,3.9051530361175537,1.5787131786346436,3.38551664352417,30.13
1991-01-15,3.8600478172302246,4.795413970947266,3.021010637283325,4.08608865737915,1.5832504034042358,3.531653642654419,30.35
1991-01-16,3.8503711223602295,4.845193386077881,2.9761455059051514,4.071010589599609,1.6150059700012207,3.5803675651550293,32.25
1991-01-17,3.937439203262329,4.812007904052734,2.9611895084381104,4.206709861755371,1.7284196615219116,3.7021491527557373,21.48
1991-01-18,3.995488405227661,4.795413970947266,2.9761455059051514,4.327332973480225,1.7284196615219116,3.7752163410186768,20.05
1991-01-21,3.966461420059204,4.812007904052734,2.931278705596924,4.523345470428467,1.6966625452041626,4.018777847290039,21.63
1991-01-22,3.937439203262329,4.778819561004639,3.006057024002075,4.508265495300293,1.5832504034042358,3.872641086578369,24.91
1991-01-23,4.024508953094482,4.911564826965332,3.110745668411255,4.493189811706543,1.6013964414596558,3.9700655937194824,24.08
1991-01-24,4.024508953094482,4.9032697677612305,3.110745668411255,4.3725666999816895,1.6331524848937988,3.9213531017303467,25.63
1991-01-25,4.07288122177124,4.8783769607543945,3.1406571865081787,4.34241247177124,1.6512978076934814,3.9213531017303467,24.15
1991-01-28,4.063205242156982,4.870083332061768,3.0808346271514893,4.493189811706543,1.6512978076934814,3.872641086578369,21.03
1991-01-29,4.024508953094482,4.7871198654174805,3.0808346271514893,4.4479546546936035,1.6966625452041626,4.091845989227295,21.73
1991-01-30,4.005161762237549,4.679262638092041,3.0509235858917236,4.643965721130371,1.719346523284912,4.091845989227295,21.08
1991-01-31,3.995488405227661,4.7373366355896,3.0509235858917236,4.6288886070251465,1.7238824367523193,4.164915084838867,21.9
1991-02-01,3.9084174633026123,4.695852756500244,3.110745668411255,4.583654880523682,1.7374919652938843,4.1162028312683105,21.33
1991-02-04,3.966461420059204,4.637776851654053,3.0992555618286133,4.613808631896973,1.7465652227401733,4.700752258300781,21.23
1991-02-05,3.9699909687042236,4.647845268249512,3.1294918060302734,4.870132923126221,1.7919296026229858,4.89560079574585,20.7
1991-02-06,4.146434783935547,4.874366760253906,3.295793056488037,4.839976787567139,1.8055403232574463,4.627685546875,21.48
1991-02-07,4.215052604675293,4.958261966705322,3.2504379749298096,5.051066875457764,1.7783221006393433,4.505901336669922,21.33
1991-02-08,4.166041374206543,4.9666523933410645,3.3109121322631836,5.0661444664001465,1.769248604774475,4.457190036773682,21.78
1991-02-11,4.273867130279541,5.025374889373779,3.371384620666504,5.0661444664001465,1.8146127462387085,4.773823261260986,22.44
1991-02-12,4.185646057128906,4.907925605773926,3.4318578243255615,4.9381184577941895,1.769248604774475,5.114810466766357,22.78
1991-02-13,4.2934722900390625,4.916309833526611,3.446976900100708,4.831435203552246,1.7057374715805054,4.919958591461182,22.38
1991-02-14,4.215052604675293,4.832417964935303,3.4167377948760986,4.89239501953125,1.7012008428573608,4.8468918800354,22.25
1991-02-15,4.185646057128906,4.865975379943848,3.356267213821411,4.907638072967529,1.7420285940170288,4.919958591461182,20.73
1991-02-19,4.195446968078613,4.85758638381958,3.295793056488037,4.907638072967529,1.7401968240737915,4.871247291564941,20.08
1991-02-20,4.205249786376953,4.85758638381958,3.3109121322631836,4.816190719604492,1.7218804359436035,4.871247291564941,20.18
1991-02-21,4.224857807159424,4.8491973876953125,3.235320806503296,4.861917972564697,1.7264587879180908,4.871247291564941,18.48
1991-02-22,4.215052604675293,4.832417964935303,3.1446125507354736,4.846673011779785,1.7539353370666504,4.871247291564941,17.43
1991-02-25,4.224857807159424,4.78208065032959,3.0992555618286133,4.816190719604492,1.7585150003433228,4.871247291564941,17.43
1991-02-26,4.215052604675293,4.8491973876953125,3.2050838470458984,4.679022789001465,1.7539353370666504,4.757845878601074,18.48
1991-02-27,4.37189245223999,5.000208854675293,3.3109121322631836,4.7704668045043945,1.763094425201416,4.930410861968994,19.03
1991-02-28,4.322880744934082,5.0505475997924805,3.3109121322631836,4.861917972564697,1.8226275444030762,5.07832670211792,19.28
1991-03-01,4.37189245223999,5.100884437561035,3.386502742767334,4.87715482711792,1.795151710510254,5.07832670211792,19.43
1991-03-04,4.283670425415039,5.058937072753906,3.341148614883423,4.953360557556152,1.8134688138961792,5.127627849578857,20.33
1991-03-05,4.303271293640137,5.067328453063965,3.446976900100708,4.98384428024292,1.8501042127609253,5.27554178237915,20.5
1991-03-06,4.303271293640137,5.0505475997924805,3.492330551147461,4.999083995819092,1.868422031402588,5.374150276184082,19.78
1991-03-07,4.332684516906738,5.067328453063965,3.4318578243255615,5.014325141906738,1.8592637777328491,5.27554178237915,19.33
1991-03-08,4.342485427856445,5.0505475997924805,3.4167377948760986,5.0600481033325195,1.8455249071121216,5.152279853820801,19.34
1991-03-11,4.3522844314575195,4.983431339263916,3.3109121322631836,5.13625431060791,1.8409451246261597,5.152279853820801,19.0
1991-03-12,4.411101341247559,5.084108829498291,3.3260304927825928,5.197221755981445,1.8226275444030762,5.152279853820801,20.06
1991-03-13,4.489519119262695,5.15122127532959,3.371384620666504,5.303905487060547,1.818048119544983,5.152279853820801,20.48
1991-03-14,4.469915866851807,5.058937072753906,3.386502742767334,5.28866720199585,1.8043094873428345,5.201583385467529,20.05
1991-03-15,4.479719161987305,5.134444713592529,3.4016222953796387,5.242940902709961,1.80888831615448,5.176933288574219,19.88
1991-03-18,4.420904636383057,5.067328453063965,3.371384620666504,4.9381184577941895,1.7905724048614502,5.226239204406738,19.78
1991-03-19,4.420904636383057,5.19317102432251,3.446976900100708,4.9381184577941895,1.7676738500595093,5.176933288574219,20.68
1991-03-20,4.479719161987305,5.235118865966797,3.492330551147461,4.98384428024292,1.763094425201416,5.324843406677246,20.4
1991-03-21,4.489519119262695,5.235118865966797,3.4318578243255615,4.953360557556152,1.763094425201416,5.423449993133545,20.78
1991-03-22,4.538529872894287,5.235118865966797,3.4772138595581055,5.014325141906738,1.7218804359436035,5.669973850250244,19.88
1991-03-25,4.636557102203369,5.2770676612854,3.507448673248291,5.014325141906738,1.7218804359436035,5.596016883850098,19.47
1991-03-26,4.66596794128418,5.352576732635498,3.4772138595581055,5.181978225708008,1.749355673789978,5.842538356781006,19.78
1991-03-27,4.5777411460876465,5.260288238525391,3.4167377948760986,5.197221755981445,1.763094425201416,5.768581867218018,19.45
1991-03-28,4.587544918060303,5.168004512786865,3.4016222953796387,5.121014595031738,1.7768326997756958,5.694626331329346,19.63
1991-04-01,4.509125709533691,5.100884437561035,3.356267213821411,5.075289726257324,1.749355673789978,5.546714782714844,19.28
1991-04-02,4.6169538497924805,5.176392078399658,3.4318578243255615,5.28866720199585,1.763094425201416,5.571364402770996,19.38
1991-04-03,4.538529872894287,5.134444713592529,3.3109121322631836,5.25818395614624,1.7859926223754883,5.522060871124268,19.48
1991-04-04,4.509125709533691,5.117660999298096,3.2806737422943115,5.334386348724365,1.8043094873428345,5.4727582931518555,19.98
1991-04-05,4.499325752258301,5.0421576499938965,3.265556812286377,5.227696895599365,1.831785798072815,5.448105335235596,20.03
1991-04-08,4.518929481506348,5.100884437561035,3.3260304927825928,5.212458610534668,1.7997305393218994,5.620671272277832,20.28
1991-04-09,4.469915866851807,5.058937072753906,3.2806737422943115,5.029566764831543,1.749355673789978,5.522060871124268,20.58
1991-04-10,4.479719161987305,5.025374889373779,3.2806737422943115,4.9381184577941895,1.735618233680725,5.497408390045166,21.08
1991-04-11,4.567943096160889,5.117660999298096,3.4167377948760986,5.13625431060791,1.7539353370666504,5.4727582931518555,20.98
1991-04-12,4.685570240020752,5.2183451652526855,3.4016222953796387,5.227696895599365,1.7447772026062012,5.571364402770996,21.54
1991-04-15,4.66596794128418,5.2770676612854,3.386502742767334,5.181978225708008,1.7447772026062012,5.448105335235596,21.85
1991-04-16,4.714978218078613,5.310629367828369,3.4318578243255615,5.121014595031738,1.7035616636276245,5.522060871124268,21.6
1991-04-17,4.714978218078613,5.327401161193848,3.492330551147461,5.181978225708008,1.6715052127838135,5.694626331329346,21.73
1991-04-18,4.695371627807617,5.319014072418213,3.507448673248291,5.105770587921143,1.639448881149292,5.571364402770996,21.08
1991-04-19,4.714978218078613,5.25189733505249,3.507448673248291,5.121014595031738,1.6211313009262085,5.398799419403076,21.16
1991-04-22,4.714978218078613,5.19317102432251,3.4772138595581055,5.15149450302124,1.6348693370819092,5.374150276184082,21.68
1991-04-23,4.7737908363342285,5.25189733505249,3.462095022201538,5.181978225708008,1.6531869173049927,5.324843406677246,21.03
1991-04-24,4.7737908363342285,5.3022356033325195,3.4318578243255615,5.227696895599365,1.6852446794509888,4.683891773223877,21.0
1991-04-25,4.636557102203369,5.226729393005371,3.4016222953796387,5.181978225708008,1.6715052127838135,4.5359787940979,20.95
1991-04-26,4.66596794128418,5.176392078399658,3.4167377948760986,5.227696895599365,1.6806645393371582,4.659239768981934,21.28
1991-04-29,4.636557102203369,5.15122127532959,3.4051337242126465,5.364871501922607,1.676085352897644,4.7331976890563965,21.3
